COGID,MILES,ENTRY,Route,FromLocation,PM_VoL_NE,PM_Vol_SW,NB/SB_Flag
24224,0.275,1,2ND STREET,NORTH OF LOMAS - SOUTH OF MOUNTAIN,738,0,1
23876,0.737,2,2ND STREET,NORTH OF MOUNTAIN - S. OF I-40 S. FRONTAGE RD.,945,0,1
22936,0.052,3,2ND STREET,N. OF I-40 S. FRONTAGE RD. - S. OF I-40 N. FRONTAGE RD.,822,380,1
22864,0.308,4,2ND STREET,N. OF I-40 N. FRONTAGE RD. - SOUTH OF MENAUL,737,638,1
22412,0.612,5,2ND STREET,NORTH OF MENAUL - SOUTH OF CANDELARIA,1167,726,1
22120,0.766,6,2ND STREET,NORTH OF CANDELARIA - SOUTH OF GRIEGOS,1241,661,1
21840,0.588,7,2ND STREET,NORTH OF GRIEGOS - SOUTH OF MONTANO,1337,854,1
21540,0.491,8,2ND STREET,NORTH OF MONTANO - ALB. N.C.L.,1384,917,1
21348,0.538,9,2ND STREET,SOUTH OF OSUNA,1372,803,1
21136,0.644,10,2ND STREET,NORTH OF OSUNA - SOUTH OF PUEBLO SOLANO,1274,745,1
21138,0.547,11,2ND STREET,NORTH OF PUEBLO SALANO,1410,864,1
20589,0.157,12,2ND STREET,NORTH OF LOS RANCHOS - SOUTH OF RANCHITOS,1434,797,1
20800,0.392,13,2ND STREET,NORTH OF RANCHITOS ROAD - SOUTH OF EL PUEBLO,1192,623,1
20620,0.068,14,2ND STREET,NORTH OF EL PUEBLO - SOUTH OF PASEO DEL NORTE RAMPS,1889,1175,1
20610,0.048,15,2ND STREET,NORTH OD PDN SOUTH RAMPS - SOUTH OF PDN RAMPS,1308.5,1087.5,1
20611,0.067,16,2ND STREET,NORT OF PDN RAMPS - SOUTH OF PDN NORTH RAMPS,1308.5,1087.5,1
20596,0.179,17,2ND STREET,NORTH OF PASEO DEL NORTE RAMPS - SOUTH OF ORTEGA,728,1000,1
20598,0.633,18,2ND STREET,NORTH OF ORTEGA - SOUTH OF ALAMEDA BLVD.,769,640,1
24184,0.275,19,4TH STREET,NORTH OF LOMAS - SOUTH OF MOUNTAIN,531,391,1
23844,0.738,20,4TH STREET,NORTH OF MOUNTAIN - S. OF I-40 S. FRONTAGE RD.,558,267,1
22788,0.063,21,4TH STREET,N. OF I-40 S. FRONTAGE RD. - S. OF I-40 N. FRONTAGE RD.,733,345,1
22748,0.303,22,4TH STREET,N. OF I-40 N. FRONTAGE RD. - SOUTH OF MENAUL,486,919,1
22384,0.629,23,4TH STREET,NORTH OF MENAUL - SOUTH OF CANDELARIA,947,895,1
22104,0.725,24,4TH STREET,NORTH OF CANDELARIA - SOUTH OF GRIEGOS,875,593,1
21812,0.578,25,4TH STREET,NORTH OF GRIEGOS - SOUTH OF MONTANO,988,627,1
21512,0.422,26,4TH STREET,NORTH OF MONTANO - SOUTH OF GUADALUPE TRAIL,884,909.5,1
21404,0.594,27,4TH STREET,NORTH OF GUADALUPE TRAIL - SOUTH OF CHAVEZ,598,743,1
21405,0.025,28,4TH STREET,NORTH OF CHAVEZ - SOUTH OF OSUNA,603,730,1
21064,0.664,29,4TH STREET,NORTH OF OSUNA - SOUTH OF PUEBLO SOLANO,608,717,1
20872,0.516,30,4TH STREET,NORTH OF PUEBLO SOLANO - SOUTH OF LOS RANCHOS RD.,555,523.5,1
20873,0.142,31,4TH STREET,SOUTH OF RANCHITOS RD.,502,330,1
20776,0.464,32,4TH STREET,NORTH OF RANCHITOS ROAD - SOUTH OF EL PUEBLO,671,276,1
20588,0.391,33,4TH STREET,NORTH OF EL PUEBLO - SOUTH OF ORTEGA,557,257,1
20590,0.672,34,4TH STREET,NORTH OF ORTEGA - SOUTH OF ALAMEDA BLVD.,391.5,253.5,1
20312,0.217,35,ALAMEDA BLVD.,WEST OF BOSQUE CIRCLE - EAST OF COORS/CORRALES,1257.333333,2054.666667,0
20352,0.683,36,ALAMEDA BLVD.,WEST OF RIO GRANDE BLVD. - EAST OF BOSQUE CIRCLE,1257.333333,2054.666667,0
20388,0.604,37,ALAMEDA BLVD.,WEST OF GUADALOPE TRL. (N.) - EAST OF RIO GRANDE BLVD.,316,736,0
20152,0.298,38,ALAMEDA BLVD.,WEST OF GUADALOPE TRL. (S.) - EAST OF GUADALOPE TRL. (N.),1186,1987,0
20408,0.279,39,ALAMEDA BLVD.,WEST OF 4TH ST. - EAST OF GUADALOPE TRL (S.),1258,2105,0
20416,0.199,40,ALAMEDA BLVD.,WEST OF 2ND ST. - EAST OF 4TH ST.,1112,1605,0
20452,0.446,41,ALAMEDA BLVD.,WEST OF EDITH - EAST OF 2ND ST.,824,1422,0
20469,0.473,42,ALAMEDA BLVD.,WEST OF BALLOON MUSEUM - EAST OF EDITH BLVD.,1023.5,1384,0
20468,0.864,43,ALAMEDA BLVD.,WEST OF JEFFERSON - EAST OF BALLOON MUSEUM,1223,1346,0
20472,0.295,44,ALAMEDA BLVD.,WEST OF SAN MATEO - EAST OF JEFFERSON,1352,1175,0
20473,0.249,45,ALAMEDA BLVD.,WEST OF PAN AM. WEST - EAST OF SAN MATEO,1867,1430,0
20484,0.108,46,ALAMEDA BLVD.,WEST OF PAN AM. EAST - EAST OF PAN AM. WEST,965,1191,0
20504,0.151,47,ALAMEDA BLVD.,WEST OF SAN PEDRO - EAST OF PAN AM. EAST,1554,828,0
26584,0.841,48,ARENAL,EAST OF UNSER - WEST OF COORS,447,609,0
26592,0.435,49,ARENAL,EAST OF COORS - WEST OF ATRISCO,730,689,0
26596,0.65,50,ARENAL,EAST OF ATRISCO - WEST OF TAPIA,395,592,0
26572,0.629,51,ARENAL,EAST OF TAPIA - WEST OF ISLETA/GOFF,382,532,0
25868,0.667,52,BRIDGE/CESAR CHAVEZ,EAST OF UNSER BLVE - WEST OF COORS,252,643,0
26072,0.589,53,BRIDGE/CESAR CHAVEZ,EAST OF COORS - WEST OF OLD COORS RD.,259,391,0
26164,0.534,54,BRIDGE/CESAR CHAVEZ,EAST OF OLD COORS RD. - WEST OF ATRISCO,754,1283,0
26240,0.587,55,BRIDGE/CESAR CHAVEZ,EAST OF ATRISCO - WEST OF GOFF,797,1236,0
26232,0.413,56,BRIDGE/CESAR CHAVEZ,EAST OF GOFF - WEST OF SUNSET,754,1262,0
26152,0.493,57,BRIDGE/CESAR CHAVEZ,EAST OF SUNSET - WEST OF ISLETA,843,1425,0
25932,0.58,58,BRIDGE/CESAR CHAVEZ,EAST OF ISLETA - WEST OF 8TH ST.,1157,2206.666667,0
25884,0.103,59,BRIDGE/CESAR CHAVEZ,EAST OF 8TH ST. - WEST OF 4TH ST.,1254,1825,0
25880,0.072,60,BRIDGE/CESAR CHAVEZ,EAST OF 4TH ST. - WEST OF 3RD ST.,1145,877,0
25972,0.431,61,BRIDGE/CESAR CHAVEZ,EAST OF 3RD ST. - WEST OF BROADWAY,1142,1852,0
25964,0.32,62,BRIDGE/CESAR CHAVEZ,EAST OF BROADWAY - WEST OF I-25 W. RAMPS,486,884,0
25952,0.06,63,BRIDGE/CESAR CHAVEZ,EAST OF I-25 W. RAMPS - WEST OF I-25 E. RAMPS,1428,757,0
26048,0.478,64,BRIDGE/CESAR CHAVEZ,EAST OF I-25 E. RAMPS - WEST OF UNIVERSITY,744,1068,0
27164,0.085,65,BROADWAY/EDITH,NORTH OF N.M. 47 - SOUTH OF I-25 S. RAMPS,706,1647,1
26928,0.342,66,BROADWAY/EDITH,NORTH OF I-25 S. RAMPS - SOUTH OF I-25 N. OFF RAMP,731,1307,1
26929,0.151,67,BROADWAY,NORTH OF I-25 N. OFF RAMP - SOUTH OF I-25 SBD OFF RAMP,508,1596,1
26930,0.173,68,BROADWAY,NORTH OF I-25 SBD OFF RAMP - SOUTH OF I-25 N. RAMPS,285,1885,1
26908,1.122,69,BROADWAY/EDITH,NORTH OF I-25 N. RAMPS - SOUTH OF COSO RD.,427,711,1
26909,1.109,70,BROADWAY/EDITH,NORTH OF COSO RD. - SOUTH OF DESERT RD.,274,643,1
26860,0.698,71,BROADWAY/EDITH,NORTH OF DESERT ROAD - SOUTH OF BOBBY FOSTER RD.,331,727,1
20381,1.038,72,BROADWAY/EDITH,NORTH OF BOBBY FOSTER - SOUTH OF PROSPERITY AVE.,617,691,1
26820,0.724,73,BROADWAY/EDITH,NORTH OF PROSPERITY AVE. - SOUTH OF RIO BRAVO BLVD.,815,691,1
26616,1.659,74,BROADWAY/EDITH,NORTH OF RIO BRAVO - SOUTH OF WOODWARD RD.,280.5,525.5,1
26608,0.841,75,BROADWAY/EDITH,NORTH OF WOODWARD RD. - SOUTH OF GIBSON,489,880,1
26344,0.602,76,BROADWAY/EDITH,NORTH OF GIBSON - SOUTH OF AVENIDA CESAR CHAVEZ,989,707,1
25968,0.696,77,BROADWAY/EDITH,NORTH OF AVENIDA CESAR CHAVEZ - SOUTH OF COAL,1049,673,1
25368,0.068,78,BROADWAY/EDITH,NORTH OF COAL - SOUTH OF LEAD,933,747,1
25284,0.205,79,BROADWAY/EDITH,NORTH OF LEAD - SOUTH OF CENTRAL,710,697,1
24936,0.186,80,BROADWAY/EDITH,NORTH OF CENTRAL - SOUTH OF MARTIN LUTHER KING JR,827,873,1
24400,0.278,81,BROADWAY/EDITH,NORTH OF MARTIN LUTHER KING JR - SOUTH OF LOMAS,823,730.5,1
24276,0.283,82,BROADWAY/EDITH,NORTH OF LOMAS - SOUTH OF MOUNTAIN,968,742,1
23972,0.323,83,BROADWAY/EDITH,NORTH OF MOUNTAIN - SOUTH OF ODELIA,988,789,1
23136,0.441,84,BROADWAY/EDITH,NORTH OF ODELIA - I-40 UNDERPASS,462,847.5,1
23080,0.332,85,BROADWAY/EDITH,I-40 UNDERPASS - SOUTH OF MENAUL,715,525,1
22420,0.565,86,BROADWAY/EDITH,NORTH OF MENAUL - SOUTH OF CANDELARIA,765,510.5,1
22152,0.768,87,BROADWAY/EDITH,NORTH OF CANDELARIA - SOUTH OF GRIEGOS,798,631,1
21868,0.662,88,BROADWAY/EDITH,NORTH OF GRIEGOS - SOUTH OF MONTANO,598,811,1
21588,0.4,89,BROADWAY/EDITH,NORTH OF MONTANO - SOUTH OF MISSION AVE.,1003,737,1
21590,0.657,90,BROADWAY/EDITH,NORTH OF MISSION AVE. - SOUTH OF OSUNA,1035,675,1
25728,0.32,91,CENTRAL,WEST OF BRIDGE,656,877,0
25730,0.423,92,CENTRAL,EAST OF BRIDGE,509,704,0
25729,0.419,93,CENTRAL,WEST OF UNSER,591,907,0
25556,0.234,94,CENTRAL,WEST OF 75TH,666,1184,0
25421,0.272,95,CENTRAL,EAST OF 75TH - WEST OF AIRPORT,571.5,1059.5,0
25420,0.22,96,CENTRAL,EAST OF AIRPORT - WEST OF COORS,477,935,0
25036,0.699,97,CENTRAL,EAST OF COORS - WEST OF YUCCA,736,1122,0
25034,0.039,98,CENTRAL,EAST OF YUCCA - WEST OF OLD COORS RD.,549,1208,0
25016,0.78,99,CENTRAL,EAST OF OLD COORS RD. - WEST OF ATRISCO,619,1320,0
24692,0.136,100,CENTRAL,EAST OF ATRISCO - WEST OF SUNSET,861,1883,0
24344,0.39,101,CENTRAL,BRIDGE OVER RIO GRANDE,944,2975,0
24136,0.207,102,CENTRAL,EAST OF TINGLEY - WEST OF NEW YORK AVE.,817,1822,0
24137,0.366,103,CENTRAL,EAST OF NEW YORK - WEST OF RIO GRANDE,785,2011,0
23884,0.066,104,CENTRAL,EAST OF RIO GRANDE BLVD. - WEST OF LOMAS,531.5,1172,0
24420,0.599,105,CENTRAL,SOUTHEAST OF LOMAS - NORTHWEST OF TIJERAS,395,512,0
24464,0.137,106,CENTRAL,SOUTHEAST OF TIJERAS - NORTHWEST OF 12TH ST.,250,496,0
24776,0.161,107,CENTRAL,EAST OF 12TH ST. - WEST OF COPPER,263,565,0
24775,0.115,108,CENTRAL,SOUTHEAST OF COPPER,406,680,0
28593,0.162,109,CENTRAL,WEST OF 6TH,251,468,0
28594,0.067,110,CENTRAL,EAST OF 6TH - WEST OF 5TH,273,331,0
28595,0.067,111,CENTRAL,EAST OF 5TH - WEST OF 4TH,662,429,0
28596,0.071,112,CENTRAL,EAST OF 4TH,384,515,0
28597,0.067,113,CENTRAL,EAST OF 3RD - WEST OF 2ND,450,551,0
28598,0.097,114,CENTRAL,EAST OF 2ND - WEST OF 1ST,388,331,0
24940,0.168,115,CENTRAL,EAST OF 1ST - WEST OF BROADWAY,479,707,0
25064,0.415,116,CENTRAL,EAST OF BROADWAY - W. OF I25 W. FRONT. RD.(LOCUST),485,596,0
25092,0.068,117,CENTRAL,E. OF I25 W. FRONT. RD.(LOCUST) - WEST OF I-25 E. FRONT. RD,838,691,0
25216,0.538,118,CENTRAL,WEST OF UNIVERSITY,884,845,0
25264,0.273,119,CENTRAL,EAST OF UNIVERSITY - WEST OF YALE,705,771,0
25268,0.504,120,CENTRAL,EAST OF YALE - WEST OF GIRARD,583.75,753.25,0
25388,0.498,121,CENTRAL,EAST OF GIRARD - WEST OF CARLISLE,462.5,735.5,0
25432,0.525,122,CENTRAL,EAST OF CARLISLE - WEST OF WASHINGTON,579.5,625.5,0
25536,0.523,123,CENTRAL,EAST OF WASHINGTON - WEST OF SAN MATEO,750,638,0
25624,0.5,124,CENTRAL,EAST OF SAN MATEO - WEST OF SAN PEDRO,863,848,0
25652,0.506,125,CENTRAL,EAST OF SAN PEDRO - WEST OF LOUISIANA,972,789,0
25752,0.532,126,CENTRAL,EAST OF LOUISIANA - WEST OF PENNSYLVANIA,1126,1031,0
25754,0.506,127,CENTRAL,EAST OF PENNSYLVANIA - WEST OF WYOMING,1227,1082,0
25768,0.341,128,CENTRAL,EAST OF WYOMING,1272,953,0
25788,0.689,129,CENTRAL,EAST OF ZUNI - WEST OF EUBANK,1409.5,988,0
25836,0.433,130,CENTRAL,EAST OF EUBANK - WEST OF MORRIS,1655,893,0
25960,0.554,131,CENTRAL,EAST OF MORRIS - WEST OF JUAN TABO,1522,669,0
26118,0.669,132,CENTRAL,EAST OF JUAN TABO - WEST OF DORADO,1602,708,0
26108,0.327,133,CENTRAL,EAST OF DORADO - WEST OF TRAMWAY,1265,603.5,0
26824,0.827,134,COORS,NORTH OF DON FELIPE ROAD - SOUTH OF GUN CLUB ROAD,837,870,1
26792,1.072,135,COORS,NORTH OF GUN CLUB ROAD - SOUTH OF RIO BRAVO,1128,1061,1
26641,0.225,136,COORS,NORTH OF RIO BRAVO - SOUTH OF BARCELONA,1204,940,1
26640,0.419,137,COORS,NORTH OF BARCELONA - SOUTH OF BLAKE RD.,987,626,1
26624,1.069,138,COORS,NORTH OF BLAKE ROAD - SOUTH OF ARENAL,1288,1044,1
26580,0.317,139,COORS,NORTH OF ARENAL - SOUTH OF OLD COORS RD.,1139,1401,1
26524,0.342,140,COORS,NORTHWEST OLD COORS RD. - SOUTH OF SAGE,811,675,1
26339,0.428,141,COORS,NORTH OF SAGE - SOUTH OF TOWER,989,822,1
26356,0.265,142,COORS,NORTH OF TOWER - SOUTH OF BRIDGE,732,960,1
25864,0.773,143,COORS,NORTH OF BRIDGE BLVD. - SOUTH OF CENTRAL,898,1514,1
25340,0.431,144,COORS,NORTH OF CENTRAL - SOUTH OF BLUEWATER,1047,1142,1
24628,0.335,145,COORS,NORTH OF BLUEWATER -SOUTH OF LOS VOLCANOS,1481,1737,1
24629,0.232,146,COORS,NORTH OF LOS VOLCANOS - SOUTH OF FORTUNA,1241,212,1
23608,0.44,147,COORS,NORTH OF FORTUNA - SOUTH OF HANOVER,1643,2012,1
23607,0.217,148,COORS,NORTH OF HANOVER - SOUTH OF ILIFF,1580,2523,1
23404,0.038,149,COORS,NORTH OF ILIFF - SOUTH OF I-40 EBD OFF,1992,2555,1
23406,0.046,150,COORS,NORTH OF I-40 EBD OFF - SOUTH OF I-40 S. RAMPS,2041,2670,1
22366,0.063,151,COORS,NORTH OF I-40 WBD OFF - SOUTH OF I-40 WBD ON,2730,2310,1
22365,0.163,152,COORS,NORTH OF I-40 WBD ON TO SOUTH OF I-40 WBD OFF,884,1307,1
22364,0.327,153,COORS,NORTH OF I-40 N. RAMPS - SOUTH OF QUAIL,3419,1950,1
22363,0.225,154,COORS,NORTH OF I-40 SOUTH RAMPS TO SOUTH OF I-40 WBD ON,1030,1187,1
22244,0.207,155,COORS,NORTH OF QUAIL - SOUTH OF REDLANDS,2997,1979,1
22243,0.203,156,COORS,NORTH OF REDLANDS - SOUTH OF SEQUOIA,3022,1910,1
21912,0.462,157,COORS,NORTH OF SEQUOIA - SOUTH OF ST. JOSEPHS,2829.5,1916.5,1
21856,0.467,158,COORS,NORTH OF ST. JOSEPHS - SOUTH OF WESTERN TRAIL,3025,1681,1
21620,0.911,159,COORS,NORTH OF WESTERN TRAIL,2528,2077,1
21320,0.484,160,COORS,NORTH OF DELLYNE - SOUTH OF MONTANO,2230,2090,1
21232,0.362,161,COORS,NORTH OF MANTANO - SOUTH OF MANTANO PLAZA,1897,2012,1
21233,0.458,162,COORS,NORTH OF MONTANO PLAZA,1900,1816,1
20940,1.049,163,COORS,NORTH OF LA ORILLA - SOUTH OF EAGLE RANCH RD.,2248,1767,1
20955,0.328,164,COORS,NORTH OF EAGLE RANCH RD. - SOUTH OF S.I.P.I. ENTRANCE,1503,2000,1
20941,0.118,165,COORS,NORTH OF S.I.P.I. ENTRANCE - SOUTH OF P.D.N. S. RAMPS,1945,1868,1
20939,0.101,166,COORS,NORTH OD PDN SOUTH RAMPS - SOUTH OF PDN RAMPS,2887,2143.5,1
20569,0.204,167,COORS,NORTH OF P.D.N. S. RAMPS - SOUTH OF P.D.N. N. RAMPS,2887,2143.5,1
20568,0.379,168,COORS,NORTH OF P.D.N. N. RAMPS - SOUTH OF IRVING,3829,2419,1
20424,0.46,169,COORS,NORTH OF IRVING - SOUTH OF COORS BYPASS,2440,2231,1
20384,0.339,170,COORS,NORTHWEST OF COORS - SOUTHEAST OF EAGLE RANCH RD.,1822,1165,1
20385,0.445,171,COORS,NORTHWEST OF EAGLE RANCH RD. - SOUTHEAST OF 7 BAR LOOP,3026,1456,1
20288,0.307,172,COORS,NORTHWEST OF 7 BAR LOOP - SOUTH OF ELLISON,2685,1737,1
20290,0.459,173,COORS,NORTH OF ELLISON - SOUTHEAST OF N.M. 528,2065,1260,1
26276,0.626,174,EUBANK,NORTH OF EUBANK GATE - SOUTH OF SOUTHERN,2307,365,1
25976,0.318,175,EUBANK,NORTH OF SOUTHERN - SOUTH OF CENTRAL,1799,919,1
25828,0.309,176,EUBANK,NORTH OF CENTRAL - SOUTH OF CHICO,1742,939,1
25827,0.252,177,EUBANK,NORTH OF CHICO - SOUTH OF COPPER,1618,1226,1
25364,0.159,178,EUBANK,NORTH OF COPPER - SOUTH OF I-40 S. RAMPS,2340,1602,1
24916,0.137,179,EUBANK,NORTH OF I-40 S. RAMPS - SOUTH OF I-40 N. RAMPS,3044,1019,1
24812,0.2,180,EUBANK,NORTH OF I-40 N. RAMPS - SOUTH OF LOMAS,2175,1561,1
24572,0.501,181,EUBANK,NORTH OF LOMAS - SOUTH OF CONSTITUTION,2154,1506,1
23628,0.496,182,EUBANK,NORTH OF CONSTITUTION - SOUTH OF INDIAN SCHOOL,1686,1532,1
23548,0.31,183,EUBANK,NORTH OF INDIAN SCHOOL - SOUTH OF SNOWHEIGHTS CIR.,1757,1278,1
22928,0.189,184,EUBANK,NORTH OF SNOWHEIGHTS CIR. - SOUTH OF MENAUL,1841,1271,1
22544,0.498,185,EUBANK,NORTH OF MENAUL - SOUTH OF CANDELARIA,1533,1215,1
22228,0.5,186,EUBANK,NORTH OF CANDELARIA - SOUTH OF COMANCHE,1772,1260,1
22004,0.498,187,EUBANK,NORTH OF COMANCHE - SOUTH OF MONTGOMERY,1366,1065,1
21800,0.138,188,EUBANK,NORTH OF MONTGOMERY - SOUTH OF LAGRIMA DE ORO,1282,1342,1
21596,0.269,189,EUBANK,NORTH OF LAGRIMA DE ORO - SOUTH OF OSUNA,1327,1234,1
21595,0.162,190,EUBANK,NORTH OF OSUNA - SOUTH OF SPAIN,1429,1116,1
21400,0.315,191,EUBANK,NORTH OF SPAIN - SOUTH OF CAMINO DEL SOL,1390,1267,1
21398,0.215,192,EUBANK,NORTH OF CAMINO DEL SOL - SOUTH OF MALGUENA,1320,1245,1
21312,0.253,193,EUBANK,NORTH OF LAYTON - SOUTH OF JUAN TABO,1092,929,1
21256,0.418,194,EUBANK,NORTH OF JUAN TABO - SOUTH OF ACADEMY,1424,1109,1
21257,0.369,195,EUBANK,NORTH OF ACADEMY -  SOUTH OF SAN ANTONIO,1016,952,1
21263,0.199,196,EUBANK,NORTH OF SAN ANTONIO - SOUTH OF DEL REY,925,967,1
21270,0.108,197,EUBANK,NORTH OF DEL REY - SOUTH OF  SAN RAFEL,808,980,1
20547,0.094,198,EUBANK,NORTH OF DEL REY - SOUTH OF CORONADO AVE.,797,850,1
21258,0.101,199,EUBANK,NORTH OF CORONADO AVE. - SOUTH OF SAN FRANCISCO,790,906,1
21259,0.498,200,EUBANK,NORTH OF SAN FRANCISCO - SOUTH OF PASEO DEL NORTE,720,878,1
26364,0.325,201,GIBSON,EAST OF BROADWAY - WEST OF I-25 W. RAMPS,568,1470,0
29929,0.071,202,GIBSON,I-25 ON RAMP 1,886.5,1640.5,0
26380,0.07,203,GIBSON,EAST OF I-25 W. RAMPS - WEST OF I-25 E. RAMPS,1205,1811,0
29930,0.114,204,GIBSON,I-25 ON RAMP 2,1269.5,2076.5,0
26436,0.274,205,GIBSON,EAST OF I-25 E. RAMPS - WEST OF UNIVERSITY,1334,2342,0
26448,0.498,206,GIBSON,EAST OF UNIVERSITY - WEST OF YALE,1302,2353,0
26456,0.495,207,GIBSON,EAST OF YALE - WEST OF GIRARD,737,1985,0
26468,0.51,208,GIBSON,EAST OF GIRARD - WEST OF CARLISLE,838,1560,0
26480,1.012,209,GIBSON,EAST OF CARLISLE - WEST OF SAN MATEO,1270,2075,0
26476,0.503,210,GIBSON,EAST OF SAN MATEO - WEST OF SAN PEDRO,1167,1361,0
26492,0.501,211,GIBSON,EAST OF SAN PEDRO - WEST OF LOUISIANA,1055,1037,0
20555,0.497,212,IRVING,EAST OF RAINBOW - WEST OF UNIVERSE,226,338,0
20235,0.511,213,IRVING,EAST OF UNIVERSE - WEST OF KEYENA BLVD.,212,208,0
20557,0.136,214,IRVING,EAST OF KEYENA - WEST OF LAPAZ,177,280,0
20260,0.748,215,IRVING,EAST OF LA PAZ - WEST OF LYON,236,352,0
20320,1.38,216,IRVING,EAST OF LYON - WEST OF GOLF COURSE,357.5,670,0
20344,0.445,217,IRVING,EAST OF GOLF COURSE - WEST OF CARDINAL,479,988,0
20146,0.903,218,IRVING,EAST OF CARDINAL - NORTH OF PROGRESS,1203,510,0
20420,0.082,219,IRVING,NORTHWEST OF EAGLE RANCH RD.,1369,683,0
20428,0.187,220,IRVING,EAST OF EAGLE RANCH RD - WEST OF COORS,695,1091,0
26665,0.27,221,ISLETA BLVD.,NORTH OF RIO BRAVO - SOUTH OF BARCELONA,980,1216,1
26668,0.527,222,ISLETA BLVD.,NORTH OF BARCELONA - SOUTH OF BLAKE RD.,783,628,1
26620,0.438,223,ISLETA BLVD.,NORTH OF BLAKE RD. - SOUTH OF CENTRO FAMILAR BLVD.,653,750,1
23323,0.382,224,ISLETA BLVD.,NORTH OF CENTRO FAMILAR BLVD. - SOUTH OF VALDORA AVE.,649,805,1
26622,0.237,225,ISLETA BLVD.,NORTH OF VALDORA AVE. - SOUTH OF ARENAL,829,956,1
26552,0.54,226,ISLETA BLVD.,EAST OF ARENAL - WEST OF LOPEZ RD.,560,900,1
26536,0.435,227,ISLETA BLVD.,EAST OF LOPEAZ RD. - SOUTH OF HARDY,497,890,1
26538,0.482,228,ISLETA BLVD.,NORTH OF HARDY - SOUTH OF BRIDGE,573,869,1
21744,0.453,229,JEFFERSON,NORTH OF MONTGOMERY - SOUTH OF MCLEOD,346,894,1
21564,0.261,230,JEFFERSON,NORTH OF MCLEOD - SOUTHEAST OF PAN AM. EAST,801,883,1
21436,0.119,231,JEFFERSON,N.W. OF PAN AM. EAST - EAST OF PAN AM. WEST,1256,872,1
21416,0.173,232,JEFFERSON,NORTH OF PAN AM WEST - S. OF SINGER,705,1525,1
21417,0.21,233,JEFFERSON,NORTH OF SINGER - SOUTH OF ENT. TO DIGITAL PARKING LOT,557,928,1
21418,0.665,234,JEFFERSON,N. OF ENT. DIGITAL PARKING LOT - SOUTH OF OSUNA,673,761,1
21028,0.333,235,JEFFERSON,NORTH OF OSUNA - SOUTH OF SAN ANTONIO,581,859,1
20908,0.125,236,JEFFERSON,NORTH OF SAN ANTONIO - SOUTH OF HAWKINS,1047,1359,1
20141,0.154,237,JEFFERSON,NORTH OF HAWKINS - SOUTH OF MASTHEAD,913,946,1
20142,0.285,238,JEFFERSON,NORTH OF MASTHEAD - SOUTH OF SAN FRANCISCO,1177,568,1
20910,0.262,239,JEFFERSON,NORTH OF SAN FRANCISCO - SOUTHEAST OF HEADLINE,1202,589,1
20143,0.19,240,JEFFERSON,NORTHWEST OF HEADLINE - EAST OF TIBURON,1501,540,1
20154,0.071,241,JEFFERSON,NORTHWEST OF TIBURON - SOUTH OF EL PUEBLO,1676,825.5,1
20155,0.077,242,JEFFERSON,N. OF JEFFERSON SOUTH RAMPS - S. OF JEFFERSON RAMPS INT.,1676,738.75,1
20764,0.077,243,JEFFERSON,SOUTH OF JEFFERSON NORTH RAMPS,1676,652,1
20668,0.707,244,JEFFERSON,NORTH OF JEFFERSON NORTH RAMPS -SOUTH OF ALAMEDA,662,1078,1
24100,0.642,245,LOMAS,EAST OF CENTRAL - WEST OF 12TH ST.,287.5,867.5,0
24160,0.395,246,LOMAS,EAST OF 12TH ST. - WEST OF 6TH ST.,309,783,0
24188,0.069,247,LOMAS,EAST OF 6TH ST. - WEST OF 5TH ST.,911,1123,0
24172,0.069,248,LOMAS,EAST OF 5TH ST. - WEST OF 4TH ST.,712,1003,0
24208,0.07,249,LOMAS,EAST OF 4TH ST. - WEST OF 3RD ST.,758,1130,0
24228,0.067,250,LOMAS,EAST OF 3RD ST. - WEST OF 2ND ST.,1142,858,0
24280,0.266,251,LOMAS,EAST OF 2ND ST. - WEST OF BROADWAY,912,1059,0
24320,0.47,252,LOMAS,EAST OF BROADWAY - WEST OF PAN AMERICAN WEST,1221,886,0
24176,0.113,253,LOMAS,EAST OF PAN AMERICAN WEST - WEST OF PAN AMERICAN EAST,1655,1050,0
24164,0.14,254,LOMAS,EAST OF PAN AM EAST - WEST OF MOUNTAIN,1179.5,1469,0
24356,0.21,255,LOMAS,EAST OF UNIVERSITY - WEST OF YALE,1427,1730,0
24484,0.524,256,LOMAS,EAST OF YALE - WEST OF GIRARD,1234.5,939,0
24480,0.505,257,LOMAS,EAST OF GIRARD - WEST OF CARLISLE,1263,779,0
24492,0.506,258,LOMAS,EAST OF CARLISLE - WEST OF WASHINGTON,1129,890,0
24512,0.517,259,LOMAS,EAST OF WASHINGTON - WEST OF SAN MATEO,1390,839,0
24528,0.493,260,LOMAS,EAST OF SAN MATEO - WEST OF SAN PEDRO,1391,1489,0
24548,0.501,261,LOMAS,EAST OF SAN PEDRO - WEST OF LOUISIANA,1498,1050,0
24568,0.519,262,LOMAS,EAST OF LOUISIANA - WEST OF PENNSYLVANIA,1602,1127,0
24560,0.504,263,LOMAS,EAST OF PENNSYLVANIA - WEST OF WYOMING,1418,886,0
24632,0.62,264,LOMAS,EAST OF WYOMING - WEST OF EASTERDAY,1140,593,0
24584,0.423,265,LOMAS,EAST OF EASTERDAY - WEST OF EUBANK,1144,572,0
24596,0.344,266,LOMAS,EAST OF EUBANK - WEST OF MORRIS,1270,816,0
24648,0.652,267,LOMAS,EAST OF MORRIS - WEST OF JUAN TABO,1010,633,0
24688,0.5,268,LOMAS,EAST OF JUAN TABO,858,513,0
24728,0.505,269,LOMAS,EAST OF CHELWOOD PARK - WEST OF TRAMWAY,654,435,0
26488,0.496,270,LOUISIANA,NORTH OF GIBSON - SOUTH OF KATHRYN,943,427,1
26224,0.5,271,LOUISIANA,NORTH OF KATHRYN - SOUTH OF ZUNI,854,632,1
25816,0.222,272,LOUISIANA,SOUTH OF CENTRAL,888,682,1
25656,0.282,273,LOUISIANA,SOUTH OF COPPER,582,1631,1
25360,0.501,274,LOUISIANA,NORTH OF COPPER - SOUTH OF LOMAS,1289,921,1
24544,0.503,275,LOUISIANA,NORTH OF LOMAS - SOUTH OF CONSTITUTION,1327,942,1
23984,0.155,276,LOUISIANA,NORTH OF CONSTITUION - SOUTH OF I-40 SOUTH RAMP,1606,1281,1
23664,0.103,277,LOUISIANA,NORTH OF I-40 NORTH RAMP - SOUTH OF AMERICAS PKWY,1948,1936,1
23663,0.145,278,LOUISIANA,NORTH OF AMERICAS PKWY S. - SOUTH OF INDIAN SCHOOL,1662,1537,1
23532,0.131,279,LOUISIANA,NORTH OF INDIAN SCHOOL - SOUTH OF UPTOWN,1727,1265,1
23416,0.058,280,LOUISIANA,NORTH OF UPTOWN - SOUTH OF AMERICAS PKWY N.,1788,1409,1
20005,0.311,281,LOUISIANA,NORTH OF AMERICAS PKWY N. - SOUTH OF MENAUL,1777.5,1022.5,1
22508,0.503,282,LOUISIANA,NORTH OF MENAUL - SOUTH OF CANDELARIA,1184,728,1
22176,0.491,283,LOUISIANA,NORTH OF CANDELARIA - SOUTH OF COMANCHE,997,548,1
21964,0.498,284,LOUISIANA,NORTH OF COMANCHE - SOUTH OF MONTGOMERY,1085,672,1
22400,0.633,285,MENAUL,EAST OF RIO GRANDE BLVD. - WEST OF INDIAN SCHOOL,193,750,0
22381,0.246,286,MENAUL,EAST OF INDIAN SCHOOL - WEST OF 12TH ST.,175,575,0
22380,0.55,287,MENAUL,EAST OF 12TH ST. - WEST OF 6TH ST.,404,956,0
22388,0.102,288,MENAUL,EAST OF 6TH ST. - WEST OF 4TH ST.,711,1226,0
22416,0.137,289,MENAUL,EAST OF 4TH ST. - WEST OF 2ND ST.,692,1445,0
22424,0.258,290,MENAUL,EAST OF 2ND ST. - WEST OF BROADWAY,921,1446,0
22472,0.648,291,MENAUL,EAST OF BROADWAY - WEST OF PAN AMERICAN WEST,653,970,0
22441,0.054,292,MENAUL,EAST OF PAN AMERICAN WEST - WEST OF PAN AMERICAN EAST,1092,1444,0
22442,0.2,293,MENAUL,EAST OF PAN AMERICAN EAST - WEST OF UNIVERSITY,929,1336,0
22448,0.568,294,MENAUL,EAST OF UNIVERSITY - WEST OF VASSAR,1014,1181,0
22450,0.545,295,MENAUL,EAST OF VASSAR - WEST OF CARLISLE,1031,1401,0
22460,0.483,296,MENAUL,EAST OF CARLISLE - WEST OF WASHINGTON,1330,1929,0
22480,0.527,297,MENAUL,EAST OF WASHINGTON - WEST OF SAN MATEO,1951,1450,0
22504,0.496,298,MENAUL,EAST OF SAN MATEO - WEST OF SAN PEDRO,1831,1356,0
22512,0.494,299,MENAUL,EAST OF SAN PEDRO - WEST OF LOUISIANA,1779,1143,0
22516,0.509,300,MENAUL,EAST OF LOUISIANA - WEST OF PENNSYLVANIA,1535,1047,0
22492,0.508,301,MENAUL,EAST OF PENNSYLVANIA - WEST OF WYOMING,1475,1082,0
22524,0.504,302,MENAUL,EAST OF WYOMING - WEST OF MOON,1496,760,0
22548,0.504,303,MENAUL,EAST OF MOON - WEST OF EUBANK,1359,785,0
22556,0.488,304,MENAUL,EAST OF EUBANK - WEST OF MORRIS,1158,762,0
22564,0.506,305,MENAUL,EAST OF MORRIS - WEST OF JUAN TABO,1197,633,0
22576,0.514,306,MENAUL,EAST OF JUAN TABO - WEST OF CHELWOOD,747,630,0
22540,0.514,307,MENAUL,EAST OF CHELWOOD - WEST OF TRAMWAY,537.5,297.5,0
21144,0.168,308,MONTANO,EAST OF UNSER - WEST OF TESUQUE,604,1041,0
21146,0.248,309,MONTANO,EAST OF TESUQUE - WEST OF GOLDEN,617.5,1037,0
21145,0.254,310,MONTANO,EAST OF GOLDEN - WEST OF SAN ILDEFONSO,631,1033,0
21096,0.5,311,MONTANO,EAST OF SAN ILDEFONSO - WEST OF VALLE VISTA,683,1166.5,0
21128,0.168,312,MONTANO,EAST OF VALLE VISTA - WEST OF TAYLOR RANCH RD.,832,1222,0
21236,0.478,313,MONTANO,EAST OF TAYLOR RANCH RD. - WEST OF COORS,874,1574,0
21238,0.143,314,MONTANO,EAST OF COORS - WEST OF WINTER HAVEN,908,1303.5,0
21492,1.641,315,MONTANO,WEST OF WINTER HAVEN - EAST OF RANCHO CABALLERO,756,1929,0
21516,0.886,316,MONTANO,EAST OF RANCHO CABALLERO - WEST OF 4TH ST.,843,1944,0
21544,0.262,317,MONTANO,EAST OF 4TH ST. - WEST OF 2ND ST.,1006,1484,0
21592,0.484,318,MONTANO,EAST OF 2ND ST. - WEST OF EDITH,1131,1394,0
21608,0.52,319,MONTANO,EAST OF EDITH - WEST OF RENAISSANCE,1201,1405,0
21654,0.367,320,MONTANO,EAST OF RENAISSANCE - WEST OF CULTURE BLVD.,1102,1174,0
21652,0.149,321,MONTANO,EAST OF CULTURE BLVD. - WEST OF PAN AM. WEST,1397,1440,0
29906,0.063,322,MONTANO,EAST OF PAN AMERICAN WEST - I-25 OVERPASS,1289,2036,0
21692,0.078,323,MONTGOMERY,I-25 OVERPASS - WEST OF PAN AM. EAST,1529,2148,0
21740,0.301,324,MONTGOMERY,EAST OF PAN AM. EAST - WEST OF CARLISLE,1730,2385,0
21748,0.619,325,MONTGOMERY,EAST OF CARLISLE - WEST OF JEFFERSON,1790,2297,0
21756,0.38,326,MONTGOMERY,EAST OF JEFFERSON - WEST OF SAN MATEO,1934.5,1550.5,0
21764,0.5,327,MONTGOMERY,EAST OF SAN MATEO - WEST OF SAN PEDRO,1886,1499,0
21772,0.509,328,MONTGOMERY,EAST OF SAN PEDRO - WEST OF LOUISIANA,1794,1491,0
21780,0.498,329,MONTGOMERY,EAST OF LOUISIANA - WEST OF PENNSYLVANIA,1864,1638,0
21788,0.502,330,MONTGOMERY,EAST OF PENNSYLVANIA - WEST OF WYOMING,1702,1226,0
21792,0.501,331,MONTGOMERY,EAST OF WYOMING - WEST OF MOON,1623,1353,0
21804,0.499,332,MONTGOMERY,EAST OF MOON - WEST OF EUBANK,1268,997,0
21808,0.5,333,MONTGOMERY,EAST OF EUBANK - WEST OF MORRIS,1505,991,0
21824,0.5,334,MONTGOMERY,EAST OF MORRIS - WEST OF JUAN TABO,1019,977,0
21828,0.547,335,MONTGOMERY,EAST OF JUAN TABO - WEST OF BERMUDA,1104,674,0
21836,0.454,336,MONTGOMERY,EAST OF BERMUDA - WEST OF TRAMWAY,723,497,0
38542,0.195,337,N.M. 6,EAST OF HUNING RANCH LOOP - WEST OF I-25 WEST RAMPS,1146,999,0
38380,0.112,338,N.M. 6,EAST OF I-25 WEST RAMPS,865,626,0
38400,0.22,339,N.M. 6,EAST OF I-25 EAST RAMPS - WEST OF CAMELOT/EMILIO LOPEZ,1175,892,0
38392,0.098,340,N.M. 6,EAST OF CAMELOT/EMILIO LOPEZ - WEST OF GRANT BLVD.,1317,1048,0
38404,0.251,341,N.M. 6,EAST OF GRANT BLVD. - WEST OF LOS CERRITOS,1252,959,0
38405,0.366,342,N.M. 6,EAST OF LOS CERRITOS - WEST OF STATE CAMPUS,980,1235,0
38432,0.042,343,N.M. 6,EAST OF STATE CAMPUS - WEST OF CANAL BLVD.,1271,962,0
38433,0.211,344,N.M. 6,EAST OF CANAL ROAD - WEST OF DON PASQUAL,1355,903,0
38431,0.365,345,N.M. 6,EAST OF DON PASQUAL - WEST OF N.M. 314,1346,1396,0
38436,0.155,346,N.M. 6,EAST OF N.M. 314 - WEST OF LUNA,1204,1023,0
38444,0.329,347,N.M. 6,EAST OF LUNA - WEST OF LOS LENTES STREET,996,912,0
38448,0.277,348,N.M. 6,EAST OF LOS LENTES STREET - WEST OF CARSON DRIVE,904,1100,0
38452,0.381,349,N.M. 6,EAST OF CARSON DRIVE - RIO GRANDE BRIDGE,1220,1054.666667,0
38467,0.214,350,N.M. 6,WEST OF EDEAL,1282,1186,0
38468,0.087,351,N.M. 6,EAST OF EDEAL RD. - WEST OF MOUNTAIN LAUREL ST.,1121,893,0
38476,0.161,352,N.M. 6,EAST OF MOUNTAIN LAUREL STREET - WEST OF N.M. 263,2092,1554,0
38472,0.469,353,N.M. 6,N.E. OF N.M. 263 - S.W. OF N.M. 47,677,753,0
38424,0.744,354,N.M. 47,N.E. OF N.M. 6 - S.W. OF VALENCIA ROAD,791,1349,1
38368,1.062,355,N.M. 47,NORTH OF VALENCIA ROAD (ARAGON) - SOUTH OF CHUGHOLE LANE,512.5,1193.5,1
38332,0.087,356,N.M. 47,NORTH OF CHUGHOLE LANE - SOUTH OF MOLINA DRIVE,477,1318,1
38328,0.371,357,N.M. 47,NORTH OF MOLINA DRIVE - SOUTH OF PERALTA BLVD.,663,1213,1
38326,0.428,358,N.M. 47,NORTH OF PERALTA BLVD. - SOUTH OF BOSQUE FARMS LOOP (S.),688,1664,1
38312,0.513,359,N.M. 47,NORTH OF BOSQUE FARMS LOOP (S.) - SOUTH OF MITCHELL ROAD,609,1526.5,1
38296,0.296,360,N.M. 47,NORTH OF MITCHELL ROAD - SOUTH OF ESPERANZA ROAD,615.75,1524,1
38288,0.58,361,N.M. 47,NORTH OF ESPERANZA ROAD - SOUTH OF BOSQUE FARMS LOOP (N.),622.5,1521.5,1
38272,0.225,362,N.M. 47,NORTH OF BOSQUE FARMS LOOP (N.) - SOUTH OF SUNFLOWER ROAD,544,1690,1
38264,0.361,363,N.M. 47,NORTH OF SUNFLOWER RD. - SOUTH OF TRIBAL RD. 7(S.),525,1576,1
34444,0.285,364,N.M. 47,NORTH OF TRIBAL RD. 7(S.) - SOUTH OF CHICAL RD.,547,1668,1
35555,0.574,365,N.M. 47,NORTH OF CHICAL RD. - SOUTH OF TRIBAL RD. 7 (N.),564,1642,1
36666,0.886,366,N.M. 47,NORTH OF TRIBAL RD. 7 N. - SOUTH OF TRIBAL RD. 6,492,1635,1
37777,0.368,367,N.M. 47,NORTH OF TRIBAL RD. 6 - SOUTH OF INDIAN SERVIVE RT. 62,517,1679,1
30999,0.259,368,N.M. 47,NORTH IF INDIAN SERVICE RT. 62 - BERN/VAL C.L.,670,1485,1
28264,0.127,369,N.M. 47,BERNALILLO/VALENCIA COUNTY LINE - SOUTH OF N.M. 147,558,927,1
28184,3.169,370,N.M. 47,NORTH OF N.M. 147 - SOUTH OF BROADWAY,374,1465,1
20276,0.44,371,N.M. 528,NORTHWEST OF COORS/CORRALES RD. - EAST OF CALLE CUERVO,1178,1818,1
20275,0.333,372,N.M. 528,WEST OF CALLE CUERVO - EAST OF ELLISON,960,1489,1
20132,0.274,373,N.M. 528,WEST OF ELLISON - COORS BY PASS,2015.5,1900.5,1
20133,0.47,374,N.M. 528,WEST OF COORS BY PASS - SOUTH OF WESTSIDE BLVD.,3071,2312,1
10132,0.513,375,N.M. 528,NORTH OF WESTSIDE BLVD. - SOUTH OF 19TH AVE.,2935,2228,1
10134,0.453,376,N.M. 528,NORTH OF 19TH AVE. - SOUTH OF SARA,2700,1945,1
10120,0.697,377,N.M. 528,NORTH OF SARA - SOUTH OF SOUTHERN,2456,1840,1
10100,0.181,378,N.M. 528,NORTH OF SOUTHERN,2467,2015,1
10099,0.355,379,N.M. 528,NORTH OF SABANA GRANDE - SOUTH OF HIGH RESORT,2162,1687,1
10044,0.441,380,N.M. 528,NORTH OF HIGH RESORT - SOUTH OF LEON GRANDE,1738,1505,1
10032,0.514,381,N.M. 528,NORTH OF LEON GRANDE - SOUTH OF SUNDT,1224,1045,1
10028,0.237,382,N.M. 528,NORTH OF SUNDT - SOUTH OF ROCKAWAY,1463,2189,1
10020,0.681,383,N.M. 528,SOUTH OF NORTHERN,1204,1246,1
10115,0.137,384,N.M. 528,N.E. OF NORTHERN - S.W. OF RIO VISTA,1151,1454,1
10008,0.474,385,N.M. 528,N.E. RIO VISTA - S.W. OF RIO ARRIBA,1041,1293,1
10771,0.268,386,N.M. 528,N.E. OF RIO ARRIBA - S.W. OF CORRALES RD. (NM 448),1493,1002,1
10004,0.123,387,N.M. 528,NORTH OF CORRALES RD. (NM 448) - .118 MILES NORTH OF CORRAL,1219,1262,1
19001,0.544,388,N.M. 528,.118 MILES NORTH OF CORRALES RD - SOUTH OF GRANDE VISTA,1378,995,1
19003,0.178,389,N.M. 528,NORTH OF GRANDE VISTA - SOUTH OF SANDIA VISTA,711,945,1
19005,0.275,390,N.M. 528,NORTH OF SANDIA VISTA - SOUTH OF IRIS (RIVERSIDE SOUTH),562,871,1
19007,0.359,391,N.M. 528,NORTH OF IRIS (RIVERSIDE SOUTH) - SOUTH OF HONDURAS ROAD,819,1315,1
19009,0.465,392,N.M. 528,NORTH OF HONDURAS ROAD - SOUTH OF RIVERSIDE NORTH,712,918,1
19011,0.887,393,N.M. 528,NORTH OF RIVERSIDE NORTH - SOUTH OF IDALIA,663,993,1
19013,1.209,394,N.M. 528,NORTH OF IDALIA SOUTH OF ENCHANTED HILLS BLVD.,1107,945,1
19012,0.628,395,N.M. 528,NORTH OF ENCHANTED HILLS BLVD. - SOUTH OF U.S. 550,877,1288,1
21180,0.496,396,OSUNA,EAST OF 2ND ST. - WEST OF EDITH,685,1228,0
21220,0.991,397,OSUNA,EAST OF EDITH - WEST OF CHAPPEL ROAD,719,1307,0
21222,0.508,398,OSUNA,EAST OF CHAPPEL ROAD - WEST OF WASHINGTON,1071,1402,0
21050,0.255,399,OSUNA,EAST OF WASHINGTON - WEST OF JEFFERSON,1273,1398,0
21052,0.261,400,OSUNA,EAST OF JEFFERSON - WEST OF PAN AM. WEST,1678,1378,0
21076,0.063,401,OSUNA,EAST OF PAN AM. WEST - I-25 UNDERPASS,1825,1457,0
29904,0.023,402,OSUNA,I-25 UNDERPASS,1114.5,988.5,0
20362,0.575,403,PARADISE BLVD.,EAST OF UNIVERSE - WEST OF  LA PAZ,404,520,0
20364,0.862,404,PARADISE BLVD.,EAST OF LA PAZ - WEST OF UNSER,503,791,0
20396,0.456,405,PARADISE BLVD.,EAST OF UNSER - WEST OF JUSTIN,482,862,0
20397,0.775,406,PARADISE BLVD.,EAST OF JUSTIN - WEST OF GOLF COURSE RD.,452,1019,0
20524,0.724,407,PARADISE BLVD.,EAST OF GOLF COURSE - WEST OF EAGLE RANCH RD.,616,1067,0
20655,0.582,408,PASEO DEL NORTE,EAST OF UNIVERE - WEST OF UNSER,319,647,0
25084,0.85,409,PASEO DEL NORTE,EAST OF UNSER - WEST OF KIMMICK,876,574,0
25086,1.109,410,PASEO DEL NORTE,EAST OF KIMMICK - WEST OF GOLF COURSE,492,894,0
20580,0.756,411,PASEO DEL NORTE,EAST OF GOLF COURSE - WEST OF EAGLE RANCH RD.,852,1747,0
20572,0.164,412,PASEO DEL NORTE,EAST OF EAGLE RANCH RD. - WEST OF COORS W. RAMPS,1047,2711,0
20573,0.485,413,PASEO DEL NORTE,EAST OF COORS W. RAMPS - WEST OF COORS E. RAMPS,926,2431,0
20577,2.161,414,PASEO DEL NORTE,EAST OF COORS E. RAMPS - WEST OF PDN/2ND WEST RAMPS,1355.5,3849.5,0
20600,0.428,415,PASEO DEL NORTE,EAST OF PDN/2ND WEST RAMPS - WEST OF PDN/2ND EAST RAMPS,1785,5268,0
20672,1.479,416,PASEO DEL NORTE,EAST OF PDN/2ND EAST RAMPS,4715,2355,0
20696,0.259,417,PASEO DEL NORTE,EAST OF PDN/JEFFERSON W. RAMPS- WEST OF PDN INTCH. W. RAMPS,1720,4184,0
20697,0.153,418,PASEO DEL NORTE,EAST OF PDN INTCH. WEST RAMPS-WEST OF PDN OFF RAMP TO JEFF,1956.75,3065.25,0
20704,0.091,419,PASEO DEL NORTE,EAST OF PDN OFF RAMP TO JEFF-WEST OF PAN AM WEST,2193.5,1946.5,0
20122,0.067,420,PASEO DEL NORTE,EAST OF PAN AM WEST - WEST OF I-25 SBD ON RAMP,2070,1707,0
20121,0.079,421,PASEO DEL NORTE,EAST OF I-25 SBD ON RAMP - WEST OF PAN AM EAST,1681,2952,0
20712,0.289,422,PASEO DEL NORTE,EAST OF PAN AM. EAST - WEST OF SAN PEDRO,2553,1853,0
20720,0.498,423,PASEO DEL NORTE,EAST OF SAN PEDRO - WEST OF LOUISIANA,660,1604,0
20736,0.501,424,PASEO DEL NORTE,EAST OF LOUISIANA - WEST OF WYOMING,2648,1733,0
20732,0.501,425,PASEO DEL NORTE,EAST OF WYOMING - WEST OF BARSTOW,1876,1211,0
20740,0.501,426,PASEO DEL NORTE,EAST OF BARSTOW - WEST OF VENTURA,1930,1418,0
20744,0.497,427,PASEO DEL NORTE,EAST OF VENTURA - WEST OF HOLBROOK,1758,1204,0
20748,0.499,428,PASEO DEL NORTE,EAST OF HOLBROOK - WEST OF EUBANK,1672,1124,0
20760,0.495,429,PASEO DEL NORTE,EAST OF EUBANK - WEST OF BROWNING,1041,561,0
20761,0.503,430,PASEO DEL NORTE,EAST OF BROWNING - WEST OF LOWELL,960,593,0
20762,0.614,431,PASEO DEL NORTE,EAST OF LOWELL - WEST OF TRAMWAY,899,482,0
26663,0.587,432,RIO BRAVO/DENNIS CHAVEZ,EAST OF CONDERSHINE DR. - WEST OF COORS,529,1130,0
26660,1.378,433,RIO BRAVO/DENNIS CHAVEZ,EAST OF COORS - WEST OF DEL RIO RD.,538,1258,0
26672,0.536,434,RIO BRAVO/DENNIS CHAVEZ,EAST OF DEL RIO RD. - WEST OF ISLETA BLVD.,907.5,1412,0
26656,1.254,435,RIO BRAVO/DENNIS CHAVEZ,EAST OF ISLETA BLVD. - WEST OF 2ND ST.,806,1303,0
26698,0.194,436,RIO BRAVO/DENNIS CHAVEZ,EAST OF 2ND ST. - WEST OF SUNPORT RR FACILITY,845,1462,0
26699,0.125,437,RIO BRAVO/DENNIS CHAVEZ,EAST OF SUNPORT RR FACILITY - WEST OF PRINCE RD.,874.5,1586,0
26692,0.36,438,RIO BRAVO/DENNIS CHAVEZ,EAST OF PRINCE RD. - WEST OF BROADWAY,904,1710,0
26460,0.501,439,SAN MATEO,NORTH OF GIBSON - SOUTH OF KATHRYN,786,403,1
26008,0.505,440,SAN MATEO,NORTH OF KATHRYN - SOUTH OF ZUNI,992.5,648,1
25780,0.334,441,SAN MATEO,NORTH OF ZUNI - SOUTH OF CENTRAL,1117,898,1
25532,0.664,442,SAN MATEO,NORTH OF CENTRAL - SOUTH OF LOMAS,1444,1164.5,1
24504,0.5,443,SAN MATEO,NORTH OF LOMAS - SOUTH OF CONSTITUTION,1604,1202.25,1
23936,0.502,444,SAN MATEO,NORTH OF CONSTITUTION - SOUTH OF INDIAN SCHOOL,1764,1240,1
23504,0.099,445,SAN MATEO,NORTH OF INDIAN SCHOOL - SOUTH OF I-40 S. RAMPS,2159,1591,1
23332,0.089,446,SAN MATEO,NORTH OF I-40 S. RAMPS,2298,1246,1
23251,0.077,447,SAN MATEO,NORTH OF I-40 WBD ON - S. OF I-40 N. RAMPS,1600,2020,1
23249,0.271,448,SAN MATEO,NORTH OF I-40 N. RAMPS - SOUTH OF MENAUL,1800,1332,1
22476,0.505,449,SAN MATEO,NORTH OF MENAUL - SOUTH OF CANDELARIA,1587,1472,1
22164,0.469,450,SAN MATEO,NORTH OF CANDELARIA - SOUTH OF COMANCHE,1346,1204,1
21996,0.527,451,SAN MATEO,NORTH OF COMANCHE - SOUTH OF MONTGOMERY,1227,1018,1
21752,0.528,452,SAN MATEO,NORTH OF MONTGOMERY - SOUTH OF MCLEOD,1422.5,1869,1
21536,0.435,453,SAN MATEO,NORTH OF MCLEOD - SOUTH OF OSUNA,1269,1313,1
21356,0.216,454,SAN MATEO,NORTH OF OSUNA - SOUTH OF ACADEMY,1944,1718,1
21196,0.248,455,SAN MATEO,NORTH OF ACADEMY - SOUTHEAST OF PAN AM. ROAD,1874,2511,1
21195,0.091,456,SAN MATEO,EAST OF PAN AM. EAST,1839,2047,1
21108,0.068,457,SAN MATEO,WEST OF PAN AM. EAST - I-25 UNDERPASS,2395,1686,1
10060,0.564,458,SOUTHERN BLVD.,EAST OF ATLANTIC RD. - WEST OF BALTIC,350,516,0
10064,0.515,459,SOUTHERN BLVD.,EAST OF BALTIC - WEST OF PECOS LOOP,343,669,0
10068,0.533,460,SOUTHERN BLVD.,EAST OF PECOS LOOP - WEST OF LISBON,398,811,0
10083,0.127,461,SOUTHERN BLVD.,EAST OF LISBON - WEST OF TARPON,604,982,0
10084,0.321,462,SOUTHERN BLVD.,EAST OF TARPON - WEST OF UNSER BLVD.(NORTH),673,1173,0
10092,0.338,463,SOUTHERN BLVD.,EAST OF UNSER BLVD.(NORTH) - WEST OF WESTERN HILLS,777,1236.5,0
10096,0.37,464,SOUTHERN BLVD.,EAST OF WESTERN HILLS,770,1310,0
10098,0.417,465,SOUTHERN BLVD.,EAST OF NICKLAUS - WEST OF GOLF COURSE,646,1074,0
10076,0.217,466,SOUTHERN BLVD.,WEST OF SARA,1062,1343,0
10088,0.568,467,SOUTHERN BLVD.,EAST OF SARA,642,1183,0
10104,0.415,468,SOUTHERN BLVD.,WEST OF N.M. 528,916,1174,0
26104,0.057,469,TRAMWAY,SOUTH OF I-40 S. RAMPS - NORTH OF EAST CENTRAL,1392,1796,1
25984,0.148,470,TRAMWAY,SOUTH OF I-40 N. RAMPS - NORTH OF I-40 S. RAMPS,2401,922,1
25900,0.242,471,TRAMWAY,SOUTH OF CLOUDVIEW - NORTH OF I-40 N. RAMPS,1384,1744,1
25901,0.34,472,TRAMWAY,SOUTH OF COPPER - NORTH OF CLOUDVIEW,1870,1118,1
25460,0.492,473,TRAMWAY,SOUTH OF LOMAS - NORTH OF COPPER,1798,1318,1
24724,0.588,474,TRAMWAY,SOUTH OF INDIAN SCHOOL - NORTH OF LOMAS,1585,1298,1
21546,0.546,475,TRAMWAY,SOUTH OF ROVER - NORTH OF INDIAN SCHOOL,1524,1243,1
23964,0.458,476,TRAMWAY,SOUTH OF MENAUL - NORTH OF ROVER,1544,1140,1
22496,0.43,477,TRAMWAY,SOUTH OF CANDELARIA - NORTH OF MENAUL,1153,1417,1
22264,0.542,478,TRAMWAY,SOUTH OF COMANCHE - NORTH OF CANDELARIA,1623,1365,1
22024,0.498,479,TRAMWAY,SOUTH OF MONTGOMERY - NORTH OF COMANCHE,1278,1762,1
21832,0.489,480,TRAMWAY,SOUTH OF MANITOBA - NORTH OF MONTGOMERY,1300,1355,1
21560,0.507,481,TRAMWAY,SOUTH OF SPAIN - NORTH OF MANITOBA,1398,1261,1
21364,0.507,482,TRAMWAY,SOUTH OF ACADEMY - NORTH OF SPAIN,1081,1170,1
21172,0.822,483,TRAMWAY,SOUTH OF SAN RAFAEL - NORTH OF ACADEMY,1013,1276,1
20864,0.32,484,TRAMWAY,SOUTH OF PINO AVE. - NORTH OF SAN RAFAEL,826,1186,1
20163,0.248,485,TRAMWAY,SOUTH OF SAN BERNARDINO - NORTH OF PINO AVE.,745,1089,1
20162,0.187,486,TRAMWAY,SOUTH OF PASEO DEL NORTE - NORTH OF SAN BERNARDINO,855,1178,1
10206,0.386,487,U.S. 550,NORTHWEST OF SPRINT - SOUTHEAST OF PASEO DEL VOLCAN,745,1419,0
19029,0.507,488,U.S. 550,NORTHWEST OF N.M. 528 - SOUTHEAST OF SPRINT,845,1488,0
19027,0.349,489,U.S. 550,WEST OF JEMEZ DAM ROAD - EAST OF N.M. 528,1363.5,2036,0
19025,0.582,490,U.S. 550,RIO GRANDE CROSSING - JEMEZ DAM ROAD,1363.5,2036,0
19021,0.191,491,U.S. 550,EAST OF SANTA ANA - RIO GRANDE CROSSING,1882,2584,0
19023,0.185,492,U.S. 550,EAST OF DON THOMAS - WEST OF SANTA ANA,1483,2554,0
19020,0.412,493,U.S. 550,WEST OF N.M. 313 - EAST OF DON THOMAS,1498,2360,0
19041,0.226,494,U.S. 550,WEST OF RAIL RUNNER AVE. - EAST OF N.M. 313,974,1513,0
19019,0.243,495,U.S. 550,WEST OF HILL STREET- EAST OF RAIL RUNNER AVE.,1347,1799,0
19017,0.129,496,U.S. 550,WEST OF I-25 WEST RAMPS - EAST OF HILL STREET,1350,1964,0
19014,0.164,497,U.S. 550,WEST OF I-25 EAST RAMPS - EAST OF I-25 WEST RAMPS,993.5,1252,0
25061,0.398,498,UNSER BLVD.,NORTH OF BLAKE RD. - SOUTH OF GIBSON WEST,637,540,1
25063,0.667,499,UNSER BLVD.,NORTH OF GIBSON WEST - SOUTH OF ARENAL,589,1024,1
25054,0.349,500,UNSER BLVD.,NORTH OF ARENAL - SOUTH OF SAGE,918,797,1
25053,0.43,501,UNSER BLVD.,NORTH OF SAGE - SOUTH OF TOWER,694,994,1
25052,0.535,502,UNSER BLVD.,NORTH OF TOWER - SW OF BRIDGE BLVD.,548,734,1
25051,0.366,503,UNSER BLVD.,NE OF BRIDGE,868,1222,1
25050,0.388,504,UNSER BLVD.,NORTH OF CENTRAL - SOUTH OF BLUEWATER,1054,881.5,1
25048,0.32,505,UNSER BLVD.,NORTH OF BLUEWATER - SOUTH OF LOS VOLCANES,1336,1118,1
25047,0.386,506,UNSER BLVD.,NORTH OF LOS VOLCANES - SOUTH OF I-40 S. RAMPS,1299,1766,1
23733,0.269,507,UNSER BLVD.,NORTH OF I-40 ON RAMP - SOUTH OF I-40 NOTH RAMPS,1056,1442,1
23732,0.103,508,UNSER BLVD.,NORTH OF I-40 S. RAMPS - SOUTH OF I-40 N. RAMPS,828,2020,1
29915,0.196,509,UNSER BLVD.,NORTH OF I-40 E. ON RAMP - S OF I-40 WEST RAMPS,1567.5,1620,1
23720,0.484,510,UNSER BLVD.,NORTH OF I-40 N. RAMPS - SOUTH OF LADERA DRIVE,2307,1220,1
23268,0.416,511,UNSER BLVD.,NORTH OF LADERA DR. - SOUTH OF TIERRA PINTADA BLVD.,1779,1126,1
23271,0.602,512,UNSER BLVD.,NORTH OF TIERRA PINTADA BLVD. - SOUTH OF OURAY,1211,859,1
28592,0.673,513,UNSER BLVD.,NORTH OF OURAY - SOUTH OF ST. JOSEPHS,1419,1138,1
23269,0.828,514,UNSER BLVD.,NORTH OF ST. JOSEPHS - SOUTH OF WESTERN TRAIL,1510,928,1
23270,0.887,515,UNSER BLVD.,NORTH OF WESTERN TRAIL - SOUTH OF DELLYNE,1819,1074,1
21308,0.54,516,UNSER BLVD.,NORTH OF DELLYNE - SOUTH OF MONTANO,1923,1248,1
20778,0.213,517,UNSER BLVD.,NORTHWEST OF MONTANO - SOUTHEAST OF ATRISCO (NORTH),1835,1025,1
20781,1.068,518,UNSER BLVD.,NORTHWEST OF ATRISCO (NORTH) - SOUTHWEST OF RAINBOW,1812,1083,1
20792,0.634,519,UNSER BLVD.,N.E. OF RAINBOW - SOUTH OF ROSA PARKS,736,651,1
20793,0.723,520,UNSER BLVD.,NORTH  OF ROSA PARKS - SW OF PASEO DEL NORTE,669,467,1
20794,0.894,521,UNSER BLVD.,NE OF PASEO DEL NORTE - SW OF BLUE FEATHER,227,632,1
20975,0.496,522,UNSER BLVD.,NE OF BLUE FEATHER - SOUTH OF PARADISE BLVD.,584,674,1
20336,0.448,523,UNSER BLVD.,NORTH OF PARADISE,1131,896,1
20338,0.738,524,UNSER BLVD.,NORTH OF IRVING - SOUTH OF MCMAHON,1442,1153,1
20340,0.342,525,UNSER BLVD.,NORTH OF McMAHON - SOUTH OF C.L.,1489,1554,1
10070,0.511,526,UNSER BLVD.,NORTH OF BERN/SAND C.L. - SOUTH OF 19TH AVE.,1785,1310,1
10071,0.564,527,UNSER BLVD.,NORTH OF 19TH AVE. - SOUTH OF CABEZON,1821,1508,1
10078,0.57,528,UNSER BLVD.,NORTH OF CABEZON - SOUTH OF SOUTHERN,1724,1217,1
10080,0.61,529,UNSER BLVD.,NORTH OF SOUTHERN - SOUTH OF SPRING ROAD,1454,1311,1
10036,0.687,530,UNSER BLVD.,SOUTH OF WESTERN HILLS,1138,672,1
10016,0.233,531,UNSER BLVD.,NORTH OF WESTERN HILLS - SOUTH OF ABRAZO,1189,919,1
12231,0.28,532,UNSER BLVD.,NORTH OF ABRAZO - SOUTH OF IDALIA,1608,1055,1
18501,0.467,533,UNSER BLVD.,NORTH OF IDALIA - SOUTH OF NORTHERN,1282,1101,1
10003,0.399,534,UNSER BLVD.,NORTH OF NORTHERN - SOUTH OF 15TH AVE.,1222,917,1
18989,0.158,535,UNSER BLVD.,NORTH OF 15TH AVE. - SOUTH OF CHERRY RD.,1106,793,1
18504,0.465,536,UNSER BLVD.,NORTH OF CHERRY RD. - SOUTH OF MONTOYAS ARROYO,809,561,1
18506,1.242,537,UNSER BLVD.,NORTH OF MONTOYAS ARROYO - SOUTH OF PASEO DEL VOLCAN (N.),571,800,1
18508,0.587,538,UNSER BLVD.,NORTH OF PASEO DEL VOLCAN (N.) - SOUTH OF KING BLVD.,914,633,1
26220,0.501,539,WYOMING,NORTH OF KIRTLAND GATE - SOUTH OF ZUNI,1259,69,1
25804,0.077,540,WYOMING,NORTH OF ZUNI - SOUTH OF CENTRAL,1529,553,1
25748,0.417,541,WYOMING,NORTH OF CENTRAL - SOUTH OF COPPER,1932,843,1
25396,0.512,542,WYOMING,NORTH OF COPPER - SOUTH OF LOMAS,2008,1017,1
24540,0.139,543,WYOMING,NORTH OF LOMAS - SOUTH OF I-40 S. RAMPS,2155,1238,1
24244,0.107,544,WYOMING,NORTH OF I-40 SOUTH RAMPS - SOUTH OF I-40 NORTH RAMPS,2579,996,1
24144,0.253,545,WYOMING,NORTH OF I-40 N. RAMPS - SOUTH OF CONSTITUTION,2056,1529,1
23980,0.512,546,WYOMING,NORTH OF CONSTITUTION - SOUTH OF INDIAN SCHOOL,1809,1287,1
23508,0.498,547,WYOMING,NORTH OF INDIAN SCHOOL - SOUTH OF MENAUL,1648,1244,1
22396,0.498,548,WYOMING,NORTH OF MENAUL - SOUTH OF CANDELARIA,1879.5,1459.5,1
22144,0.49,549,WYOMING,NORTH OF CANDELARIA - SOUTH OF COMANCHE,1400.5,1445.5,1
21972,0.492,550,WYOMING,NORTH OF COMANCHE - SOUTH OF MONTGOMERY,1223,1892,1
21784,0.468,551,WYOMING,NORTH OF MONTGOMERY - SOUTH OF OSUNA,1822.5,1974.5,1
21576,0.172,552,WYOMING,NORTH OF OSUNA - SOUTH OF SPAIN,2422,2057,1
21488,0.46,553,WYOMING,NORTH OF SPAIN - SOUTH OF ACADEMY,2068,2256,1
21284,0.588,554,WYOMING,NORTH OF ACADEMY - SOUTH OF BURLISON,1656,1760,1
21164,0.458,555,WYOMING,NORTH OF BURLISON - SOUTH OF SAN ANTONIO,1476,1505,1
20984,0.511,556,WYOMING,NORTH OF SAN ANTONIO - SOUTH OF SAN FRANCISCO (S.),1430,902,1
20985,0.048,557,WYOMING,NORTH OF SAN FRANCISCO (S.) - SOUTH OF SAN FRANCISCO (N.),1230,1358,1
20820,0.501,558,WYOMING,NORTH OF SAN FRANCISCO - SOUTH OF PASEO DEL NORTE,1130,1233,1
